{"cameraMode":{"drawMode":0,"name":"Shaded","section":"Shading Mode"},"sceneLighting":true,"audioPlay":false,"sceneViewState":{"m_AlwaysRefresh":false,"showFog":true,"showSkybox":true,"showFlares":true,"showImageEffects":true,"showParticleSystems":true,"showVisualEffectGraphs":true,"m_FxEnabled":true},"in2DMode":false,"pivot":{"x":-0.8072733283042908,"y":3.405160427093506,"z":2.7935304641723635},"rotation":{"x":0.3133651614189148,"y":0.029906895011663438,"z":-0.00987424235790968,"w":0.9491108059883118},"size":5.587703227996826,"orthographic":false}