{"cameraMode":{"drawMode":0,"name":"Shaded","section":"Shading Mode"},"sceneLighting":true,"audioPlay":false,"sceneViewState":{"m_AlwaysRefresh":false,"showFog":true,"showSkybox":true,"showFlares":true,"showImageEffects":true,"showParticleSystems":true,"showVisualEffectGraphs":true,"m_FxEnabled":true},"in2DMode":false,"pivot":{"x":-0.43174809217453005,"y":-4.228839874267578,"z":3.794018268585205},"rotation":{"x":0.6088311076164246,"y":-0.022600553929805757,"z":0.017356405034661294,"w":0.7927883863449097},"size":12.35107135772705,"orthographic":false}